Flow Duration,Fwd IAT Mean,Bwd IAT Mean,Fwd IAT Std,Bwd IAT Std,SYN Flag Count,ACK Flag Count,Label
655.9958457946777,0.12842518515949056,0.0,0.18247584827567143,0.0,0,0,1
656.0091972351074,0.16051118111942927,0.0,0.19820315033149208,0.0,0,0,1
40.556907653808594,0.03976167417040058,0.0,0.10194508234997643,0.0,0,0,1
40.52901268005371,0.039734326156915405,0.0,0.03889766498176391,0.0,0,0,1
45.77016830444336,0.044872714023964075,0.0,0.12643568816152123,0.0,0,0,1
45.8979606628418,0.044998000649844896,0.0,0.036931478775996666,0.0,0,0,1
51.164865493774414,0.05016163283703374,0.0,0.1244193375885754,0.0,0,0,1
51.19800567626953,0.05019412321202895,0.0,0.08860322863541335,0.0,0,0,1
45.803070068359375,0.04490497065525429,0.0,0.2734699787445596,0.0,0,0,1
45.796871185302734,0.04489889331892425,0.0,0.20795532157413826,0.0,0,0,1
9695.173025131226,4.750207263660571,0.0,200.7242668920588,0.0,0,0,1
9689.543962478638,4.747449271180126,0.0,200.60412041841624,0.0,0,0,1
49.993038177490234,0.04901278252695121,0.0,0.15683286750195188,0.0,0,0,1
50.08697509765625,0.04910487754672181,0.0,0.07384923222714253,0.0,0,0,1
549.4210720062256,0.1343656326745477,0.0,0.13735654597458538,0.0,0,0,1
549.3948459625244,0.17907263558100536,0.0,0.15982913203504512,0.0,0,0,1
2605.2680015563965,0.8508386680458513,0.0,43.194504076648414,0.0,0,0,1
2604.2160987854004,1.2759510528100932,0.0,52.907401694340315,0.0,0,0,1
951.085090637207,0.1857950948695462,0.0,0.2555814742474151,0.0,0,0,1
951.120138168335,0.23209373796201438,0.0,0.2904200921075753,0.0,0,0,1
85.91198921203613,0.084227440403957,0.0,0.10278845786339497,0.0,0,0,1
85.94083786010742,0.08425572339226217,0.0,0.08537123066715749,0.0,0,0,1
78.5520076751709,0.0770117722305597,0.0,0.09955435695435699,0.0,0,0,1
78.53198051452637,0.07699213775933958,0.0,0.07337984934928728,0.0,0,0,1
83.96100997924805,0.08231471566592946,0.0,0.09917103690593304,0.0,0,0,1
83.91213417053223,0.08226679820640415,0.0,0.07717161490119712,0.0,0,0,1
78.5989761352539,0.07705781974044501,0.0,0.09714349545935351,0.0,0,0,1
78.56988906860352,0.07702930300843482,0.0,0.06989199415135644,0.0,0,0,1
9530.245065689087,4.669399836202395,0.0,191.63850693445676,0.0,0,0,1
9527.971029281616,4.668285658638714,0.0,191.54199278007064,0.0,0,0,1
48.54321479797363,0.047591387056836895,0.0,0.13111169110321164,0.0,0,0,1
48.53987693786621,0.04758811464496687,0.0,0.053186018915998355,0.0,0,0,1
564.2011165618896,0.13801397176171468,0.0,0.12520825504046743,0.0,0,0,1
564.1860961914062,0.18395373204806204,0.0,0.14621415921810976,0.0,0,0,1
81.54106140136719,0.07994221706016391,0.0,0.09807249492811249,0.0,0,0,1
81.55202865600586,0.07995296927059398,0.0,0.07651940390534996,0.0,0,0,1
82.78703689575195,0.08116376166250192,0.0,0.10536198851555344,0.0,0,0,1
82.73911476135254,0.08111677917779661,0.0,0.08049113581848388,0.0,0,0,1
82.09609985351562,0.08048637240540747,0.0,0.10359346511358129,0.0,0,0,1
82.06892013549805,0.0804597256230373,0.0,0.08039441471679325,0.0,0,0,1
81.74800872802734,0.08014510659610524,0.0,0.11215087049564765,0.0,0,0,1
81.70509338378906,0.08010303272920496,0.0,0.0845574961994676,0.0,0,0,1
9651.482820510864,4.728800989961227,0.0,199.10069307211162,0.0,0,0,1
9645.265102386475,4.725754582256969,0.0,198.9130623470902,0.0,0,0,1
73.38809967041016,0.07194911732393153,0.0,0.15161470278919537,0.0,0,0,1
73.38309288024902,0.0719442087061265,0.0,0.13824415445673044,0.0,0,0,1
